# handle;nome
@ana;Ana
@bruno;Bruno
@carla;Carla
@davi;Davi
@eva;Eva
@fabio;Fábio
@gabi;Gabi
@heitor.rocha;Heitor Rocha
@alice.freitas;Alice Freitas
@matheus.santos;Matheus Santos
@olivia.ramos;Olívia Ramos
@enzo.pinto;Enzo Pinto
@laura.cardoso;Laura Cardoso
@theo.moraes;Theo Moraes
@debora.cardoso;Débora Cardoso
@helena.gomes;Helena Gomes
@ana.ramos;Ana Ramos
@fabio.santos;Fábio Santos
@sofia.santos;Sofia Santos
@helena.silva;Helena Silva
@samuel.moraes;Samuel Moraes
@samuel.rocha;Samuel Rocha
@nicolas.martins;Nicolas Martins
@quesia.dias;Quésia Dias
@wagner.martins;Wagner Martins
@caio.freitas;Caio Freitas
@livia.costa;Lívia Costa
@lorena.rocha;Lorena Rocha
@fabio.pinto;Fábio Pinto
@manuela.almeida;Manuela Almeida
@sofia.teixeira;Sofia Teixeira
@joao.cardoso;João Cardoso
@tiago.silva;Tiago Silva
@leonardo.dias;Leonardo Dias
@xenia.teixeira;Xênia Teixeira
@miguel.costa;Miguel Costa
@zeca.cardoso;Zeca Cardoso
@theo.moraes15;Theo Moraes
@miguel.freitas;Miguel Freitas
@debora.ramos;Débora Ramos
@bernardo.martins;Bernardo Martins
@gael.ribeiro;Gael Ribeiro
@laura.cardoso62;Laura Cardoso
@alice.freitas4;Alice Freitas
@cecilia.gomes;Cecília Gomes
@felipe.oliveira;Felipe Oliveira
@davi.freitas;Davi Freitas
@beatriz.santos;Beatriz Santos
@leonardo.ramos;Leonardo Ramos
@miguel.moraes;Miguel Moraes
@joao.moraes;João Moraes
@olivia.santos;Olívia Santos
@livia.teixeira;Lívia Teixeira
@samuel.moraes92;Samuel Moraes
@manuela.ribeiro;Manuela Ribeiro
@theo.martins;Theo Martins
@beatriz.almeida;Beatriz Almeida
@theo.freitas;Theo Freitas
@julia.moraes;Júlia Moraes
@zeca.barbosa;Zeca Barbosa
@mariana.almeida;Mariana Almeida
@rafael.silva;Rafael Silva
@carla.oliveira;Carla Oliveira
@matheus.ramos;Matheus Ramos
@arthur.freitas;Arthur Freitas
@bernardo.dias;Bernardo Dias
@mariana.ribeiro;Mariana Ribeiro
@julia.moraes60;Júlia Moraes
@alice.moraes;Alice Moraes
@miguel.pinto;Miguel Pinto
@beatriz.souza;Beatriz Souza
@sofia.rocha;Sofia Rocha
@arthur.santos;Arthur Santos
@helena.freitas;Helena Freitas
@quesia.teixeira;Quésia Teixeira
@lucas.barbosa;Lucas Barbosa
@lorena.moraes;Lorena Moraes
@eva.ribeiro;Eva Ribeiro
@bernardo.dias13;Bernardo Dias
@mariana.barbosa;Mariana Barbosa
@joao.teixeira;João Teixeira
@ana.costa;Ana Costa
@ana.teixeira;Ana Teixeira
@gustavo.pinto;Gustavo Pinto
@fabio.ramos;Fábio Ramos
@mariana.gomes;Mariana Gomes
@heitor.ramos;Heitor Ramos
@carla.pinto;Carla Pinto
@rafael.dias;Rafael Dias
@joao.silva;João Silva
@ursula.cardoso;Úrsula Cardoso
@cecilia.moraes;Cecília Moraes
@julia.oliveira;Júlia Oliveira
@manuela.gomes;Manuela Gomes
@valentina.cardoso;Valentina Cardoso
@isabela.ramos;Isabela Ramos
@julia.freitas;Júlia Freitas
@sofia.costa;Sofia Costa
@laura.pereira;Laura Pereira
@isabela.cardoso;Isabela Cardoso
@tiago.freitas;Tiago Freitas
@laura.martins;Laura Martins
@joao.freitas;João Freitas
@mariana.martins;Mariana Martins
@ana.santos;Ana Santos
@yasmin.costa;Yasmin Costa
@davi.dias;Davi Dias
@matheus.dias;Matheus Dias
@felipe.silva;Felipe Silva
@bruno.freitas;Bruno Freitas
@valentina.rocha;Valentina Rocha
@samuel.almeida;Samuel Almeida
@helena.rocha;Helena Rocha
@heitor.moraes;Heitor Moraes
@arthur.cardoso;Arthur Cardoso
@enzo.pereira;Enzo Pereira
@joao.cardoso67;João Cardoso
@nicolas.barbosa;Nicolas Barbosa
@enzo.rocha;Enzo Rocha
@arthur.ramos;Arthur Ramos
@olivia.costa;Olívia Costa
@theo.martins5;Theo Martins
@mariana.pereira;Mariana Pereira
@carla.pinto7;Carla Pinto
@helena.lima;Helena Lima
@valentina.silva;Valentina Silva
@isabela.freitas;Isabela Freitas
@nicolas.freitas;Nicolas Freitas
@isabela.pereira;Isabela Pereira
@beatriz.pereira;Beatriz Pereira
@yasmin.ribeiro;Yasmin Ribeiro
@miguel.pinto54;Miguel Pinto
@fabio.martins;Fábio Martins
@tiago.pereira;Tiago Pereira
@wagner.pereira;Wagner Pereira
@quesia.teixeira64;Quésia Teixeira
@felipe.barbosa;Felipe Barbosa
@sofia.teixeira23;Sofia Teixeira
@ursula.freitas;Úrsula Freitas
@valentina.teixeira;Valentina Teixeira
@heitor.freitas;Heitor Freitas
@gael.ribeiro13;Gael Ribeiro
@nicolas.gomes;Nicolas Gomes
@ana.costa59;Ana Costa
@matheus.rocha;Matheus Rocha
@laura.pinto;Laura Pinto
@beatriz.pereira4;Beatriz Pereira
@wagner.pereira46;Wagner Pereira
@theo.cardoso;Theo Cardoso
@manuela.lima;Manuela Lima
@heitor.ramos92;Heitor Ramos
@rafael.pinto;Rafael Pinto
@debora.cardoso94;Débora Cardoso
@nicolas.cardoso;Nicolas Cardoso
@sofia.cardoso;Sofia Cardoso
@rafael.pinto17;Rafael Pinto
@gabi.ribeiro;Gabi Ribeiro
@gabi.barbosa;Gabi Barbosa
@karina.santos;Karina Santos
@samuel.souza;Samuel Souza
@debora.dias;Débora Dias
@lorena.pereira;Lorena Pereira
@matheus.santos65;Matheus Santos
@ursula.ribeiro;Úrsula Ribeiro
@gustavo.costa;Gustavo Costa
@sofia.rocha21;Sofia Rocha
@quesia.ribeiro;Quésia Ribeiro
@eva.silva;Eva Silva
@laura.ribeiro;Laura Ribeiro
@laura.silva;Laura Silva
@davi.santos;Davi Santos
@pedro.silva;Pedro Silva
@tiago.santos;Tiago Santos
@gabi.pinto;Gabi Pinto
@cecilia.dias;Cecília Dias
@ursula.teixeira;Úrsula Teixeira
@luisa.ramos;Luísa Ramos
@carla.martins;Carla Martins
@ursula.ramos;Úrsula Ramos
@nicolas.ramos;Nicolas Ramos
@arthur.barbosa;Arthur Barbosa
@samuel.santos;Samuel Santos
@samuel.dias;Samuel Dias
@alice.ribeiro;Alice Ribeiro
@yasmin.almeida;Yasmin Almeida
@wagner.souza;Wagner Souza
@caio.barbosa;Caio Barbosa
@bruno.almeida;Bruno Almeida
@julia.rocha;Júlia Rocha
@sofia.santos39;Sofia Santos
@felipe.barbosa41;Felipe Barbosa
@gustavo.silva;Gustavo Silva
@manuela.rocha;Manuela Rocha
@mariana.pinto;Mariana Pinto
@davi.santos21;Davi Santos
@enzo.santos;Enzo Santos
@heitor.souza;Heitor Souza
@isabela.freitas46;Isabela Freitas
@luisa.almeida;Luísa Almeida
@bruno.barbosa;Bruno Barbosa
@gustavo.oliveira;Gustavo Oliveira
@wagner.barbosa;Wagner Barbosa
@yasmin.martins;Yasmin Martins
@pedro.barbosa;Pedro Barbosa
@beatriz.gomes;Beatriz Gomes
@felipe.oliveira24;Felipe Oliveira
@manuela.silva;Manuela Silva
@beatriz.pinto;Beatriz Pinto
@samuel.pinto;Samuel Pinto
@zeca.ribeiro;Zeca Ribeiro
@joao.gomes;João Gomes
@bruno.silva;Bruno Silva
@rafael.pinto62;Rafael Pinto
@laura.ribeiro41;Laura Ribeiro
@isabela.cardoso12;Isabela Cardoso
@lucas.pinto;Lucas Pinto
@carla.freitas;Carla Freitas
@quesia.rocha;Quésia Rocha
@livia.freitas;Lívia Freitas
@debora.rocha;Débora Rocha
@davi.silva;Davi Silva
@livia.gomes;Lívia Gomes
@valentina.souza;Valentina Souza
@olivia.freitas;Olívia Freitas
@joao.martins;João Martins
@leonardo.dias30;Leonardo Dias
@theo.ribeiro;Theo Ribeiro
@vitor.lima;Vitor Lima
@xenia.dias;Xênia Dias
@arthur.teixeira;Arthur Teixeira
@theo.moraes87;Theo Moraes
@gustavo.almeida;Gustavo Almeida
@mariana.pereira81;Mariana Pereira
@laura.oliveira;Laura Oliveira
@bernardo.silva;Bernardo Silva
@wagner.freitas;Wagner Freitas
@julia.barbosa;Júlia Barbosa
@carla.pereira;Carla Pereira
@fabio.almeida;Fábio Almeida
@xenia.pinto;Xênia Pinto
